No.,headline,body,label
2,HINDI TOTOO: Tagapayo nina Leni Robredo at Barry Gutierrez si Joma Sison,"Tagapayo ni Bise Presidente Leni Robredo at ng kanyang opisyal na tagapagsalita na si Barry Gutierrez si Jose Maria “Joma” Sison, ang nagpatayo ng Communist Party of the Philippines (CPP). ",False
3,HINDI TOTOO: Retrato ni Robredo at James Jimenez senyal ng pandaraya sa eleksiyon,Senyal ng balak na pandaraya sa paparating na eleksiyon ang isang retrato nina Bise Presidente Leni Robredo at Commission on Elections (Comelec) Spokesperson James Jimenez.,False
4,SATIRE: Gwen Garcia bans mass gatherings in Cebu,Cebu Governor Gwendolyn Garcia has prohibited mass gatherings in the whole province starting April 22 until June 2022.,False
5,"HINDI TOTOO: Dahil sa EDSA 1986, napabayaan ang mga pambansang unibersidad","Nang dahil sa pagkilos noong EDSA 1986 o People Power Revolution, napabayaan ang mga pambansang unibersidad at nalaglag ang mga ito sa listahan ng mga pinakatanyag sa buong mundo.",False
6,HINDI TOTOO: Kinopya ng South Korea at Singapore ang economic blueprint ni Marcos,Kinopya ng South Korea at Singapore ang economic blueprint ni dating pangulong Ferdinand Marcos.,False
7,HINDI TOTOO: Bilang ng mga gobernador na nag-endoso kay Marcos Jr.,90% o 73 ng 81 ng gobernador sa bansa ang nag-endoso kay Ferdinand “Bongbong” Marcos Jr. para sa pagkapangulo. ,False
8,FALSE: Hera Nano Curcumin Milk is curative for several gastrointestinal diseases,Hera Nano Curcumin Milk is curative for several gastrointestinal diseases. ,False
9,HINDI TOTOO: Nagpapatuloy ang mga political dynasty dahil sa 1987 Constitution,Nagpapatuloy ang mga political dynasty dahil sa 1987 Constitution.,False
10,HINDI TOTOO: May utang na back taxes ang Hacienda Luisita,May utang na back taxes ang Hacienda Luisita na nagkakahalaga ng P14.7 bilyon.,False
11,HINDI TOTOO: Si Kiko Pangilinan ang sumulat ng Rice Tariffication Law,Si Senador Kiko Pangilinan ang gumawa ng Rice Tariffication Law kaya peke ang pag-iyak niya tungkol sa epekto nito sa mga magsasaka.,False
12,HINDI TOTOO: Nakalulusot ang mga batang gumagawa ng krimen dahil sa batas na isinulong ni Pangilinan,Hindi naparurusahan ang mga batang gumagawa ng malubhang krimen dahil sa Juvenile Justice and Welfare Act na isinulong ni Senador Francis “Kiko” Pangilinan. ,False
13,"FALSE: Bo Phoi Tritydo cures lung diseases, such as pneumonia and bronchitis","Bo Phoi Tritydo cures lung diseases, such as pneumonia and bronchitis.",False
14,HINDI TOTOO: Tumigil ang pagpatay sa mga katutubo nang maitatag ang NTF-ELCAC,Tumigil na ang pagpaslang sa mga katutubo nang maitatag ang National Task Force to End Local Communist Armed Conflict (NTF-ELCAC).,False
15,HINDI TOTOO: Litrato ng Poong Nazareno na ginawang ‘kakampink’,Sinuotan ng kulay pink na damit ang imahe ng Poong Nazareno upang magmukhang tagasuporta ni Bise Presidente Leni Robredo.,False
16,HINDI TOTOO: Bilang ng mga bumoto kay Marcos Jr. sa Saudi Arabia,Isang milyong overseas absentee voters ang bumoto kay Ferdinand “Bongbong” Marcos Jr. sa Saudi Arabia.  ,False
17,MANIPULADONG VIDEO: Ipinangako ni Robredo ang isang pamahalaang korap,Sinabi ni Bise Presidente Leni Robredo na ipinapangako nila ni Senador Kiko Pangilinan ang isang pamahalaan na korap.,False
18,MANIPULADONG VIDEO: Sumayaw si Robredo sa himig ng ‘Dayang Daya’,Sumayaw si Bise Presidente Leni Robredo ng “Dayang Daya” ni Yoyoy Villame habang nangangampanya sa Occidental Mindoro – pahiwatig umano na may balak itong mandaya sa eleksiyon.,False
19,MANIPULADONG VIDEO: Sinupalpal ni Xiao Chua si Cheryl Cosim sa isang interbiyu,Sinupalpal ng historyador na si Xiao Chua ang mamamahayag na si Cheryl Cosim dahil sa kawalan nito ng kaalaman sa historical development.,False
20,HINDI TOTOO: Sinabi ni Robredo na magkakagulo kung siya’y matalo sa eleksiyon,Nagpahayag si Bise Presidente Leni Robredo na magkakagulo kung siya ay matalo ngayon sa presidential election.,False
21,HINDI TOTOO: Nagrerekrut ang ACT Teachers Party-List para sa CPP-NPA-NDF,"Mismong mga guro na miyembro ng ACT Teachers Party-List ang nagrerekrut sa kanilang mga estudyante para maging miyembro ng Communist Party of the Philippines, New People’s Army, at National Democratic Front (CPP-NPA-NDF).",False
22,"HINDI TOTOO: Mayorya ng mga alkalde ang sumusuporta kina Marcos-Duterte, ayon sa Pulse Asia","Sa 1,480 na mga alkalde sa bansa, 1,200 ang sumusuporta sa tambalan nina Ferdinand “Bongbong” Marcos Jr. at Sara Duterte sa pagkapresidente at bise presidente, ayon sa Pulse Asia.",False
23,HINDI TOTOO:  Biktima lamang si Palparan ng kampanya ng communist party,"Biktima lamang ng kampanya ng Communist Party of the Philippines (CPP) si Jovito Palparan, retiradong heneral ng Philippine Army, kaya nakabilanggo.",False
24,HINDI TOTOO: Hinangaan ni Vladimir Putin si Duterte,"Humanga umano si Vladimir Putin, presidente ng Russia, sa naging talumpati ni Pangulong Rodrigo Duterte.",False
25,HINDI TOTOO: Suportado nina Piolo Pascual at JC de Vera ang Uniteam,Sinusuportahan ng mga aktor na sina Piolo Pascual at JC de Vera ang presidential-vice presidential tandem nina Ferdinand “Bongbong” Marcos Jr. at Davao City Mayor Sara Duterte.,False
26,"HINDI TOTOO: Bilang ng bumoto kay Marcos sa HK noong Abril 10, ayon sa exit poll","Batay sa exit poll, nakakalap ng 3,780 na boto si Ferdinand “Bongbong” Marcos Jr. sa Hong Kong noong Abril 10, unang araw ng overseas voting para sa 2022 elections.",False
27,"HINDI TOTOO: Dating pambansang wika ang Ilokano, kaya ibabalik ni Marcos Jr.","Sa proclamation rally sa Laoag City, Ilocos Norte, noong Marso 2022, ipinangako ni Ferdinand “Bongbong” Marcos Jr. ang pagbabalik ng Ilokano bilang “national language” kapag nahalal siya bilang presidente ng bansa – pagpapahiwatig na minsan na itong naging pambansang wika. ",False
28,HINDI TOTOO: Sinabi ni Robredo na dapat handang ikamatay ng libo-libong sundalo ang Scarborough Shoal,Sinabi ni Bise Presidente Leni Robredo na dapat handang ikamatay ng libo-libong sundalo ang Scarborough Shoal. ,False
29,HINDI TOTOO: Si Ferdinand Marcos ang nagpagawa ng mga circumferential road,Si Ferdinand Marcos ang nagpagawa ng mga circumferential road.,False
30,HINDI TOTOO: Palabas lang ang paglikas ng mga Lumad mula sa Mindanao,Palabas lang ng Communist Party of the Philippines at New People’s Army (CPP-NPA) ang umano’y panliligalig sa mga Lumad at paglikas nila mula sa mga komunidad sa Mindanao para magmukhang masama ang gobyerno.,False
31,HINDI TOTOO: Isa sa pinakamayamang Filipino si Ferdinand Marcos bago siya naging pulitiko,Isa sa pinakamayamang Filipino si Ferdinand Marcos bago pa man ito pumasok sa pulitika.,False
32,FALSE: COVID-19 vaccination has no benefits for children,COVID-19 vaccination has no benefits for children.,False
33,FALSE: Moderna created the coronavirus and inserted HIV into it,Moderna created the coronavirus and inserted HIV into it.,False
34,HINDI TOTOO: Ipinagbawal ni Ferdinand Marcos ang child labor,Ipinagbawal ng diktador na si Ferdinand Marcos ang “child labor” sa kaniyang termino.,False
35,HINDI TOTOO: Ang asawa ni Marcos Jr. ay miyembro ng New York State Bar Association,Ang asawa ni Ferdinand “Bongbong” Marcos Jr. na si Marie Louise Araneta-Marcos ay miyembro ng New York State Bar Association.,False
36,HINDI TOTOO: Pasekretong inendoso ni Leody de Guzman si Marcos Jr.,Pasekretong ineendorso ni Ka Leody de Guzman si Ferdinand “Bongbong” Marcos Jr. dahil sumesenyas siya ng “peace sign” at nakasuot ng pulang t-shirt sa isang bidyo.,False
37,HINDI TOTOO: Matagumpay ang COVID-19 vaccination dahil sa mabuting relasyon ni Duterte sa China at Russia,"Ang mabuting relasyon ni Pangulong Rodrigo Duterte sa China at Russia ang dahilan kung bakit naging matagumpay ang pagbabakuna ng Pilipinas laban sa COVID-19. Nalagpasan na ng bansa ang kakayahan sa pagbabakuna ng Vietnam, Indonesia, Malaysia, at kahit na ang Singapore. ",False
38,HINDI TOTOO: Hindi banta sa buhay ang ‘red-tagging’,Hindi totoong banta sa buhay ang sinasabing red-tagging. Ginagamit lang ang naturang termino ng front organizations ng Communist Party of the Philippines-New People’s Army-National Democratic Front (CPP-NPA-NDF) upang patahimikin ang mga nagsasalita laban sa kanila. ,False
39,HINDI TOTOO: Sertipiko ng gold bullion deposit ni Marcos sa Banco de Oro,May sertipiko ng deposito ng gold bullion ang yumaong diktator na si Ferdinand Marcos sa Banco De Oro Unibank.,False
40,FALSE: Palparan did not get media attention in prison before SMNI interview,"Convicted kidnapper general Jovito Palparan did not get media attention in prison before the SMNI interview aired on March 30, 2022.",False
41,HINDI TOTOO: Tinutulan ni Robredo ang pagpapatayo ng Philippine Arena,Nagpahayag si Bise Presidente Leni Robredo ng pagtutol sa pagpapatayo ng Philippine Arena.,False
42,HINDI TOTOO: Inosente ang mga Marcos dahil napawalang-sala si Imelda,Ang acquittal ni dating first lady Imelda Marcos ay pagpapatunay na inosente ang kanilang pamilya sa mga kaso ng pagnanakaw sa kaban ng bayan. ,False
43,HINDI TOTOO: Hindi pinaimbestigahan ni Cory Aquino ang pagkamatay ng asawang si Ninoy,Hindi pinaimbestigahan ni Corazon Aquino nang naging pangulo siya ang pagkamatay ng kanyang asawa at kilalang lider ng oposisyon na si Benigno “Ninoy” Aquino Jr. ,False
44,"KULANG SA KONTEKSTO: Sabi ng BIR, hindi kailangang bayaran ng mga Marcos ang P203B na estate tax","Ayon sa Bureau of Internal Revenue (BIR), hindi kailangang bayaran ng mga Marcos ang P203 bilyon na estate tax.",False
45,HINDI TOTOO: Si Ferdinand Marcos ang nagpatayo ng Philippine General Hospital,Ipinatayo ang Philippine General Hospital (PGH) noong panahon ng diktadura ni Ferdinand Marcos.,False
46,SATIRE: Guinness World Records statement on deleting  ‘Greatest Robbery of a Government’ record of Marcoses,The Guinness World Records said that the “greatest robbery of a government” title of former dictator Ferdinand Marcos and his wife Imelda Marcos was deleted due to lack of evidence. ,False
47,HINDI TOTOO: Nakalutang sa tubig ang mga dumalo sa Robredo-Pangilinan rally sa Butuan,"Nakalutang sa tubig ang mga dumalo sa campaign rally ni presidential candidate at Bise Presidente na si Leni Robredo at ang kanyang running mate na si Senador Kiko Pangilinan sa Guingona Park, Butuan.",False
48,HINDI TOTOO: Sinabi ng anak na dating drug addict si Marcos Jr.,Sinabi ni William Vincent “Vinny” Marcos na ang kanyang ama na si Ferdinand “Bongbong” Marcos Jr. ay isang dating drug addict.   ,False
49,HINDI TOTOO: Ipinagkatiwala lamang ni Marcos ang hacienda sa tatay ni Rowena Guanzon,Ninakaw ng pamilya ni dating Commission on Elections commissioner Rowena Guanzon sa mga Marcos ang pag-aari nilang hacienda. Katiwala lang daw ni Marcos ang tatay niyang si “Romeo Guanzon.”  ,False
50,HINDI TOTOO: Walang planong solusyon si Robredo sa problema ng droga sa bansa,Walang planong solusyon si Bise Presidente Leni Robredo sa problema ng droga sa bansa.,False
51,KULANG SA KONTEKSTO: Matagal nang walang Martial Law bago ang EDSA Revolution,"Panloloko ng mga “dilawan” (o mga tagasuporta ng Aquino family) ang pagsasabing noong EDSA Revolution lang natapos ang Martial Law dahil Enero 17, 1981, pa lamang ay inihinto na ito Ferdinand Marcos.",False
52,HINDI TOTOO: Opisyal nang aatras si Manny Pacquiao sa eleksiyon 2022,Opisyal nang aatras ang kandidato sa pagkapangulong si Senador Manny Pacquiao sa parating na eleksiyon sa May 2022. ,False
53,HINDI TOTOO: Ipinagkatiwala ng mga Lopez ang Meralco kay Ferdinand Marcos,"Ang Meralco, na pagmamay-ari ng mga Lopez, ay ipinagkatiwala sa yumaong diktador na si Ferdinand Marcos Sr.",False
54,HINDI TOTOO: Kay Robredo lang napapunta ang lahat ng boto ng ARMM noong 2016,Walang natanggap na boto sa dating Autonomous Region in Muslim Mindanao (ARMM) ang lahat ng kumandidato sa pagka-bise presidente noong 2016 maliban kay Leni Robredo.,False
55,FALSE: Marcos Jr. holds the Guinness World Record for longest motorcade,Ferdinand “Bongbong” Marcos Jr. holds the Guinness World Record for having the longest motorcade.,False
56,HINDI TOTOO: Nakaprograma na ang magiging resulta ng botohan sa Mayo 2022,Nakaprograma na sa sistema ng Smartmatic ang magiging resulta ng botohan sa Mayo 2022.,False
57,HINDI TOTOO: Hindi maalala ni Robredo ang kaniyang paboritong libro,Hindi maalala ni Bise Presidente Leni Robredo ang kaniyang paboritong libro.,False
58,HINDI TOTOO: Recording ng meeting ng kampo ni Robredo para sa vote buying,May recording ng isang meeting kung saan pinaplano ng kampo ni Bise Presidente Leni Robredo ang pamimili ng boto.,False
59,MANIPULADONG LARAWAN: Pangulong Duterte hawak ang UniTeam t-shirt,Nagparetrato si Pangulong Rodrigo Duterte hawak ang UniTeam t-shirt.,False
60,FALSE: Video shows Ukraine President Zelenskiy kneeling for Putin,"Ukraine President Volodymyr Zelenskiy is seen in a video saying: “I’m ready to kneel. Just do not kneel Ukraine,” before kneeling for Russian President Vladimir Putin.",False
61,FALSE: New Clark City stadium designed by Japanese and Chinese engineers,The New Clark City Athletics Stadium was designed and built by Japanese and Chinese architects and engineers.,False
62,HINDI TOTOO: Naitago ni Marcos Sr. ang mga ginto nina Hitler at Yamashita,"Naitago ni Ferdinand Marcos ang ilang bahagi ng mga gintong ninakaw nina Adolf Hitler, yumaong diktador ng Alemanya, at General Tomoyuki Yamashita, heneral ng Imperial Japanese Army.",False
63,HINDI TOTOO: Nagpahayag si Pia Wurtzbach tungkol sa negatibong pangangampanya,Nagbigay ng pahayag si Miss Universe 2015 Pia Wurtzbach tungkol sa negatibong pangangampanya.,False
64,HINDI TOTOO: Nagbayad si Robredo ng P800M para sa suporta ni Reporma head Alvarez,Nagbayad si Bise Presidente Leni Robredo ng P800 milyon para ilipat sa kanya ang suporta ni Partido Reporma president Pantaleon Alvarez.,False
65,"HINDI TOTOO: Ayon sa Guinness, pinakamalaki sa buong mundo ang Uniteam rally sa Cavite","Kinilala ng Guinness World Records (GWR) bilang pinakamalaking rally sa buong mundo ang pagtitipon ng Uniteam nina Ferdinand “Bongbong” Marcos Jr. at Sara Duterte sa Cavite noong Marso 22, 2022. ",False
66,HINDI TOTOO: Nahuli ng NBI ang planong pandaraya ng Leni-Kiko tandem,Nahuli ng National Bureau of Investigation (NBI) ang planong pakikipagsabwatan ng tandem ni Bise Presidente Leni Robredo at Senador Kiko Pangilinan sa Smartmatic at Commission on Elections (Comelec) para mandaya sa darating na halalan.,False
67,"HINDI TOTOO: Ayon sa SunStar, lockdown ang Cebu mula Marso 29, 2022","Ayon sa SunStar Cebu, magkakaroon ng lockdown sa buong probinsya ng Cebu mula Lunes, Marso 29, 2022. ",False
68,FALSE: Hyssop drops can cure multiple eye diseases,Hyssop drops can cure multiple eye diseases.,False
69,FALSE: Drinking lemon juice and olive oil will help you pass gallstones,Drinking lemon juice and olive oil will help you pass gallstones.,False
70,KULANG SA KONTEKSTO: Sinabi ni Robredo na magbibigay siya ng CIA report kay Biden,"Nang tanungin Vice President Leni Robredo kung ano ang sasabihin niya kay US President Joe Biden kapag siya’y naging pangulo ng Pilipinas, ang isinagot lang niya ay ibibigay niya kay Biden ang CIA report tungkol sa Pilipinas.",False
71,HINDI TOTOO: Maaaring madiskalipika ang Leni-Kiko tandem dahil banyaga ang nagpopondo sa kanila,Maaaring madiskalipika ang presidential-vice presidential tandem nina Bise Presidente Leni Robredo at Senator Kiko Pangilinan dahil pinopondohan ng mga banyagang institusyon ang kanilang kampanya.,False
72,HINDI TOTOO: Walang naitulong si Robredo sa kapitbahay sa Naga City,Ibinulgar ng kapitbahay ni Vice President Leni Robredo sa Naga City na masama ang kanyang ugali dahil hindi siya tumulong sa kanila.,False
73,HINDI TOTOO: Marcos Jr. planong dayain kaya walang bantay sa pag-imprenta ng mga balota,Planong dayain ng Comelec si Ferdinand Marcos Jr. kaya walang pinapayagang magbantay sa pag-iimprenta ng mga balota.,False
74,HINDI TOTOO: Ni-recruit ni Chad Booc ang mga kabataang katutubong kasama niya sa Cebu,Ang mga kabataang katutubo na tumigil sa University of San Carlos sa Cebu ay mga rekluta ni Chad Booc bilang “propaganda ng teroristang CPP-NPA-NDF.” ,False
75,HINDI TOTOO: Walang scam sa coco levy trust fund noong panahon ni Marcos,"Walang scam na nangyari sa coco levy trust fund noong panahon ng diktadura ni Ferdinand Marcos, at hindi sinamantala ng mga crony niya ang mga buwis na ibinayad ng mga magsasaka para rito.",False
76,HINDI TOTOO: Sinabi ni Kim Henares na walang ill-gotten wealth ang mga Marcos,Sinabi ni dating Bureau of Internal Revenue (BIR) commissioner Kim Henares sa interbiyu sa DZMM TeleRadyo tungkol sa estate tax na walang ninakaw ang pamilyang Marcos.,False
77,HINDI TOTOO: Hindi kailanman bumisita ang Amnesty International sa Pilipinas,Hindi kailanman bumisita ang Amnesty International sa Pilipinas para imbestigahan ang Martial Law.,False
78,HINDI TOTOO: Litrato ng Davao project sa website ng DPWH,Larawan ng Davao City Bypass Project ang ipinakita sa isang artikulo sa website ng Department of Public Works and Highways (DPWH). ,False
79,"HINDI TOTOO: Dahil binubuwisan, hindi nakaw ang yaman ng mga Marcos",Ang paniningil ng buwis para sa mga ari-arian ng pamilya ng dating diktador na si Ferdinand Marcos ay nangangahulugang hindi nakaw ang kanilang yaman. ,False
80,HINDI TOTOO: Pinarangalan ng Gawad Alab Haraya ng NCCA si Marcos Jr.,Nakamit ni Ferdinand “Bongbong” Marcos Jr. ang unang gantimpala sa Gawad Alab Haraya ng  National Commission for Culture and the Arts (NCCA) noong 2002. ,False
81,"HINDI TOTOO: May planong dayain ang 2022 eleksiyon, ayon sa PPCRV at Namfrel","Ayon sa Parish Pastoral Council for Responsible Voting (PPCRV) at National Citizens’ Movement for Free Elections (Namfrel), may plano ang kampo ng Marcos-Duterte na dayain ang kandidato para sa pagkapangulong na si Vice President Leni Robredo sa eleksiyon sa Mayo 2022.",False
82,MANIPULADONG BIDYO: Kinanta ang isang UniTeam chant sa BTS concert,"Kinanta sa isang BTS concert ang “Bagong Pilipinas, bagong mukha,” na temang pangampanya ng UniTeam nina Ferdinand Marcos Jr. at Sara Duterte.",False
83,HINDI TOTOO: Sakay ng yate si Robredo bago lumipat ng bangka papuntang Basilan,Sa yate nakasakay si Vice President Leni Robredo mula Zamboanga City bago ito lumipat sa bangka na dumaong sa Isabela City port ng Basilan para magmukhang makamasa sa pangangampanya. ,False
84,FALSE: Marcos Jr. was 2001 Milo Little Olympics taekwondo champion,"Presidential candidate Ferdinand “Bongbong” Marcos Jr. won a taekwondo championship in the Milo Little Olympics grade school division in Lingayen, Pangasinan, in 2001.",False
85,HINDI TOTOO: Puro kuha sa gabi ang drone shots sa campaign rallies ni Robredo,Ang drone shots ng campaign rallies ni presidential candidate Leni Robredo ay puro kinuha sa gabi para hindi maaninag kung marami ngang tao.,False
86,HINDI TOTOO: Pahayag ng pag-endoso ng isang madre kay Marcos Jr.,Sinabi ni Sister Consolata Manding na ineendoso niya si Ferdinand “Bongbong” Marcos Jr. sa pagkapangulo.,False
87,HINDI TOTOO: May naunang asawa si Robredo na miyembro ng NPA,May naunang asawa na miyembro ng New People’s Army (NPA) na sinamahan si Bise Presidente Leni Robredo noong 15 taong gulang pa lamang siya.,False
88,HINDI TOTOO: Aatras ang tambalang Lacson-Sotto sa eleksiyon 2022,"Aatras ang tambalan nila Panfilo “Ping” Lacson at Vicente “Tito” Sotto III sa presidential-vice presidential elections ngayong 2022 matapos nilang makipagkita kay Senator Imee Marcos, na kapatid ng presidential candidate na si Ferdinand “Bongbong” Marcos Jr.",False
89,MISSING CONTEXT: Those who are pro-life shouldn’t get the COVID-19 vaccine,Those who are pro-life shouldn’t get the COVID-19 vaccine.,False
90,FALSE: Ivermectin proves to be an effective alternative to the COVID-19 vaccine,Ivermectin proves to be an effective alternative to the COVID-19 vaccine.,False
91,HINDI TOTOO: Lahat ng pinatay noong Martial Law ay komunista,Komunista ang lahat ng pinatay noong panahon ng Martial Law sa ilalim ng diktadura ni Ferdinand Marcos. ,False
92,FALSE: Vaccination exposes you to COVID-19 infection,Vaccination exposes you to COVID-19 infection. ,False
93,FALSE: Marcos Jr. leads in Bloomberg survey on best candidate to lead economic recovery,Presidential candidate Ferdinand “Bongbong” Marcos Jr. is leading in a Bloomberg survey of investors and analysts on who they think is the best candidate to lead the recovery of the country’s economy.,False
94,HINDI TOTOO: Senator Leila de Lima pumanaw na,Pumanaw na ang reelectionist senator na si Leila de Lima.,False
95,HINDI TOTOO: Walang basehan ang titulong ‘Greatest Robbery of a Government’ ni Marcos sa Guinness World Records,"Walang basehan ang titulong “Greatest Robbery of a Government” ni Ferdinand Marcos sa Guinness World Records, kaya tinanggal ang ulat na ito sa opisyal na website ng GWR. ",False
96,HINDI TOTOO: Text blast tungkol sa suporta ni Joma Sison sa kandidatura ni Robredo,Inendoso ng Communist Party of the Philippines founder Jose Maria “Joma” Sison ang kandidatura sa pagkapangulo ni Leni Robredo. ,False
97,"FALSE: Cory Aquino handpicked 48 persons to draft Constitution for business, foreign  interests","President Corazon Aquino handpicked 48 men and women, including suspected communists, to draft her own Constitution to accommodate the interests of oligarchs and foreign influences.",False
98,HINDI TOTOO: Bumagsak ang net satisfaction rating ni Robredo sa bagong SWS survey,Bumagsak ang net satisfaction rating ni Vice President Leni Robredo sa bagong survey ng Social Weather Stations (SWS) nitong Marso 2022.,False
99,HINDI TOTOO:  Sinabi ni Robredo na pababalikin niya sa Pilipinas si Joma Sison,Sinabi ni Bise Presidente Leni Robredo na pababalikin niya sa Pilipinas si Jose Maria Sison kapag nanalo siya bilang pangulo.,False
100,HINDI TOTOO: Na-hack ang Comelec database na may pribadong impormasyon ng mga botante,Na-hack ang database ng Commission on Elections (Comelec) na naglalaman ng pribadong impormasyon ng mga rehistradong botante. ,False
101,HINDI TOTOO: Napasabak sa ‘mukbang’ si Robredo sa Bukidnon,"Makikita sa isang litrato na napasabak sa chicken mukbang si Bise Presidente at kandidato sa pagkapangulo na si Leni Robredo sa harap ng mga magsasaka sa Sumilao, Bukidnon.",False
102,FALSE: Ilocos Norte government backs petition to declare Robredo ‘persona non grata’,The Ilocos Norte provincial government backs a petition to declare Vice President Leni Robredo as “persona non grata” or unwelcome in the province since the petition posted on social media by a university student bears the official seal of Ilocos Norte.,False
103,HINDI TOTOO: Robredo-Pangilinan tandem tinanggap at ikinatuwa ang pag-endoso ng CPP-NPA-NDF,"Tinanggap at ikinatuwa ng tandem nina Leni Robredo at Kiko Pangilinan ang pag-endoso ng Communist Party of the Philippines (CPP), New People’s Army (NPA), at National Democratic Front (NDF).",False
104,FALSE: Drinking water with meals dilutes gastric juices enough to affect digestion,Drinking water with meals dilutes gastric juices enough to affect digestion.,False
105,HINDI TOTOO: Sinabi ni Isko Moreno na siya ang nagpagawa ng Manila Golden Mosque,Sinabi ni Manila mayor at kandidato sa pagkapangulo na si Isko Moreno na siya ang nagpagawa ng Manila Golden Mosque.,False
106,HINDI TOTOO: Wala pang MILF noong administrasyon ni Ferdinand Marcos,Wala pa ang Moro Islamic Liberation Front o MILF noong administrasyon ng dating pangulong Ferdinand Marcos.,False
107,KULANG SA KONTEKSTO: Sinabi ni Sharon Cuneta na si Robredo ang pangulong paniniwalaan ng NPA,Sinabi ni Sharon Cuneta na si Bise Presidente Leni Robredo ang magiging unang presidente na paniniwalaan ng New People’s Army at magiging kaibigan ng Abu Sayyaf.,False
108,"HINDI TOTOO: 500,000 ang dumalo sa Marcos-Duterte rally sa Las Pinas at sa caravan mula Muntinlupa","500,000 ang dumalo sa rally sa Las Piñas ng kandidato para sa pagkapangulong si Ferdinand “Bongbong” Marcos Jr. at ang kanyang kandidato para sa bise presidente na si Sara Duterte, at sa naunang caravan mula sa karatig na siyudad ng Muntinlupa noong Marso 13, 2022. ",False
109,HINDI TOTOO: Sa Pasig City Hall quadrangle gaganapin ang rally ni Robredo,Sa Pasig City Hall quadrangle gaganapin ang Pasig campaign rally ni Bise Presidente Leni Robredo.,False
110,"HINDI TOTOO: Ayon sa Bombo Radyo Bacolod, 70M ang dumalo sa Leni-Kiko rally","Ayon sa Bombo Radyo Bacolod, 70 milyon ang dumalo sa rally ng kandidato para sa pagkapangulo na si Leni Robredo at tumatakbo bilang bilang bise presidente na si Senador Francis “Kiko” Pangilinan noong Marso 11, 2022, sa Paglaum Sports Complex, Bacolod City. ",False
111,FALSE: Photos showing Putin and Zelenskiy during the 2022 Russia-Ukraine crisis,"Russian president Vladimir Putin is photographed enjoying a vacation, while Ukraine president Volodymyr Zelenskiy is joining the army troops amid the ongoing Russia-Ukraine war.",False
112,FALSE: Galunggong is the easiest fish to raise,Galunggong or round scad (Decapterus macrosoma) is the easiest fish to raise.,False
113,HINDI TOTOO: Itataas nang 29% ang pensiyon ng mga miyembro ng AFP at PNP sa Abril 2022,Itataas ang pensiyon ng lahat ng mga military and uniformed personnel (MUP) o miyembro ng Armed Forces of the Philippines (AFP) at Philippine National Police (PNP) hanggang 29% dahil kasama sila sa pagpapantay ng sahod ng lahat ng mga empleyado ng gobyerno. Matatanggap ang mas mataas na pensiyon na ito sa Abril 2022. ,False
114,FALSE: Priest’s homily in support of BBM-Sara campaign,Priest’s homily in support of BBM-Sara campaign.,False
115,HINDI TOTOO: Kinumpirma ni Duterte na makukulong nang 10 taon si Hontiveros,Kinumpirma ni Pangulong Rodrigo Duterte na makukulong nang 10 taon si Senator Risa Hontiveros dahil sa kasong perjury.,False
116,HINDI TOTOO: Kinulayan ng pink ang Masjid Dimaukom para kay Robredo,Ang pinturang pink sa Masjid Dimaukom sa Maguindanao ay para raw kay Bise Presidente at kandidato para sa pagkapangulong si Leni Robredo.,False
117,HINDI TOTOO: Rappler ang nagsulat ng fact check article na binatikos ni Richard Gomez,Rappler ang nagsulat ng fact check article na binatikos ni Ormoc City Mayor Richard Gomez.,False
118,FALSE: Ex-Miss Ukraine Anastasiia Lenna joins military in fight against Russia,Former Miss Ukraine Anastasiia Lenna has decided to join the military to fight against invading Russian forces.,False
121,HINDI TOTOO: Bongbong Marcos walang kaso ng human rights sa Amerika,Si Ferdinand “Bongbong” Marcos Jr. ay walang kaso ng human rights sa Amerika.,False
122,"HINDI TOTOO: Sabi ni Robredo, sasakyan para sa lahat ang solusyon sa trapik",Sinabi ni Vice President Leni Robredo na dapat lahat ng tao ay may sasakyan bilang solusyon sa trapik sa Metro Manila.,False
123,FALSE: BIR recognizes Ana Maria Rafael as legitimate Beneco general manager,"The Bureau of Internal Revenue (BIR) recognizes lawyer Ana Maria Rafael as the legitimate general manager of the Benguet Electric Cooperative (Beneco), as proven by its decision to allow her camp to print Teller’s Official Receipt.",False
124,"FALSE: Participants in CNN PH presidential, VP debates given questions in advance",The CNN Presidential and Vice Presidential Debates participants were given the questions in advance.,False
125,HINDI TOTOO: Ang SPLAT Communications ay isang data analytics firm,Ang SPLAT Communications ay isang data analytics firm.,False
126,HINDI TOTOO: Sinabi ni Robredo na dapat mangyari sa Pilipinas ang nangyari sa Ukraine,Sinabi ni Robredo na dapat mangyari sa Pilipinas ang nangyari sa Ukraine na lahat ng tao ay nakikipagpatayan.,False
127,HINDI TOTOO: Nakipagsabwatan ang kampo ni Robredo sa Meta at Twitter laban kay Marcos Jr.,Nakipagsabwatan ang kampo ni Vice President Leni Robredo sa Meta at Twitter para atakihin si Ferdinand “Bongbong” Marcos Jr. ,False
128,KULANG SA KONTEKSTO: Bidyo ng pahayag ni Robredo tungkol sa Russia-Ukraine krisis,Pinapakita ng bidyo ang pahayag ni Bise Presidente at kandidato para sa pagkapangulong si Leni Robredo tungkol sa Russia-Ukraine krisis.,False
129,MISSING CONTEXT: Territorial disputes not the root cause of Russia’s attack on Ukraine,Territorial disputes are not the root cause of Russia’s attack on Ukraine. ,False
130,FALSE: Robredo took the PH Bar exam 4 times before passing,It took Vice President Leni Robredo four attempts before she passed the Philippine Bar exam.,False
131,FALSE: Marcos visit in Pangasinan drew 2 million people,Ferdinand “Bongbong” Marcos Jr. was met by a crowd of two million in Pangasinan in February 2022.,False
132,MISSING CONTEXT: Edgar Sarmiento is not a principal author of Samar Island Medical Center bill,Samar 1st District Representative Edgar Mary Sarmiento is not a principal author of the bill which seeks to establish the Samar Island Medical Center. ,False
133,MANIPULADONG VIDEO: Kinanta ni Ely Buendia ang ‘Lutang’ sa grand rally ni Robredo sa Iloilo,Paulit-ulit kinanta ni Ely Buendia ang isang linya ng kantang “Lutang” sa Iloilo grand rally ni presidential candidate Leni Robredo noong Pebrero 25.,False
134,FALSE: Iloilo government required employees to attend Leni-Kiko rally,"Employees and workers in the city and provincial governments of Iloilo were required to attend the Robredo-Pangilinan rally at the Iloilo Sports Complex on February 25, 2022.",False
135,FALSE: Drinking calamansi juice with water can make your eyesight better,Drinking calamansi juice with water can make your eyesight better.,False
136,HINDI TOTOO: Bill Gates nagbigay ng $15 milyon sa kampanya ni Isko Moreno,Binigyan ni Bill Gates ang mayor ng Maynila at kandidato sa pagkapangulo na si Isko Moreno Domagoso ng $15 milyon para sa kanyang kampanya. ,False
137,"FALSE: Supporters of Marcos Jr. give P35,000 ‘ayuda’ per family","Supporters of presidential candidate Ferdinand “Bongbong” Marcos Jr. give aid or “ayuda” worth P35,000 per family.",False
138,FALSE: COVID-19 vaccines can cause the generation of new variants,COVID-19 vaccines can cause the generation of new variants.,False
139,FALSE: Video of air missile and fighter jet attacks in Russia-Ukraine conflict,A video shows air missile strikes and fighter jet attacks in the Russia-Ukraine conflict.,False
140,"FALSE: PhilID is not valid, not accepted in transactions",Philippine Identification (PhilID) is not valid and not accepted in government and private transactions.,False
141,HINDI TOTOO: Ipinagbawal ni Isko Moreno na lumabas ang mga tao para sa caravan ni Marcos Jr.,Nag-utos si Isko Moreno sa mga barangay captain ng lungsod ng Maynila na pagbawalan na lumabas ang mga tao para sa caravan ni Ferdinand “Bongbong” Marcos Jr. sa lungsod.,False
142,FALSE: Cebu Pacific gives cash gift for its 25th anniversary celebration,"Cebu Pacific Air gives out cash gifts worth P7,000 for its 25th anniversary celebration.",False
143,FALSE: Pfizer-BioNTech’s COVID-19 vaccine causes meningitis,Pfizer-BioNTech’s COVID-19 vaccine causes meningitis.,False
144,"HINDI TOTOO: Litrato ng pagsuporta ni Duterte, Bong Go at Gwendolyn Garcia kay Moreno","May litrato na nagpapakitang sumusuporta sina Pangulong Rodrigo Duterte, Senador Bong Go, at Gobernador ng Cebu na si Gwendolyn Garcia sa kandidato sa pagkapangulo na si Isko Moreno.",False
145,HINDI TOTOO: Napaiyak si Isko Moreno nang mapanood ang caravan ni Marcos Jr.,Naiyak si presidential candidate at kasalukuyang mayor Isko Moreno nang mapanood ang caravan ni Marcos Jr. sa lungsod ng Maynila noong Pebrero 20.,False
146,KULANG SA KONTEKSTO: Hindi aprobado ang Konstitusyon na ginawa sa ilalim ni Cory Aquino,Hindi aprobado ang Konstitusyon na ginawa sa ilalim ni Pangulong Corazon Aquino. ,False
147,FALSE: Aphelion phenomenon will cause colder weather,A cosmological event known as the “aphelion phenomenon” will cause cold weather that is colder than normal due to the increased distance of the Earth from the sun. ,False
148,FALSE: Vaccines found to make you less immune to COVID-19,Vaccines were found to make you less immune to COVID-19. ,False
149,HINDI TOTOO: Binigyan ng Oxford si Marcos Jr. ng dual degree certificate,Binigyan ng University of Oxford si Ferdinand “Bongbong” Marcos Jr. ng dual degree certificate.,False
150,KULANG SA KONTEKSTO: Si Ferdinand Marcos ang dahilan kaya may bayan ng GMA sa Cavite,Nabuo ang munisipalidad na General Mariano Alvarez (GMA) sa lalawigan ng Cavite dahil kay dating pangulong Ferdinand Marcos. ,False
151,FALSE: Jollibee expressed support for Marcos Jr.,A Jollibee mascot expressed support for Ferdinand “Bongbong” Marcos Jr.,False
152,FALSE: Priest tells people not to attend mass if not voting for Robredo,"A priest made a Facebook post, supposedly saying people should stop attending church masses if they will not vote for presidential candidate Leni Robredo.",False
153,HINDI TOTOO: Madidiskalipika si Robredo dahil sa pag-endoso ni Cher,Hindi na pahihintulutang tumakbo sa pagkapangulo si Bise Presidente Leni Robredo dahil umano sa pag-endoso sa kanya ng Amerikanong pop icon na si Cher noong Pebrero 16. ,False
154,HINDI TOTOO: Binanatan ng propesor si Robredo dahil sa paunang paghingi ng mga tanong,Binanatan ni University of the Philippines professor “Carlita” Carlos si Leni Robredo sa isang interview dahil sa umano’y paunang paghingi nito ng mga tanong para sa SMNI Presidential Debate.,False
155,"HINDI TOTOO: Ayon sa ABS-CBN, walang aktibidad si Marcos Jr. sa Cavite noong Pebrero 12",Ibinalita ng ABS-CBN na walang aktibidad ang dating senador at ngayo’y tumatakbo sa pagkapangulo na si Ferdinand “Bongbong” Marcos Jr. sa Cavite noong Pebrero 12.,False
156,HINDI TOTOO: Nagluto na lang at di sumipot si Robredo sa SMNI debate dahil takot kay Prof. Carlos,"Absent si Leni Robredo sa SMNI Presidential Debate dahil sa takot kay Professor Clarita Carlos, kaya nagluto na lang siya. ",False
157,HINDI TOTOO: Marcos Jr. sumali sa militar noong 1979,Sumali si Ferdinand “Bongbong” Marcos Jr. sa militar noong 1979 at naging tenyente siya sa ilalim ng Philippine Constabulary. ,False
158,"HINDI TOTOO: 1,000 lang ang dumalo sa ‘Pink Sunday’ rally nina Leni-Kiko sa QC","1,000 lamang ang dumalo sa “Pink Sunday” rally ni presidential candidate Leni Robredo at ng kanyang running mate na si Kiko Pangilinan noong Pebrero 13 sa Quezon Memorial Circle.",False
159,HINDI TOTOO: Bidyo ng pagsuporta ng Iglesia ni Cristo kay Marcos Jr.,Pinapatunayan ng video na nagbigay ng suporta ang Iglesia ni Cristo (INC) sa presidential candidate na si Ferdinand “Bongbong” Marcos Jr.,False
160,"HINDI TOTOO: Kaduda-duda ang Pulse Asia survey dahil 2,000 lamang ang respondents","Kaduda-duda ang Pulse Asia presidential survey dahil 2,000 lamang ang mga respondents kompara sa 53,000 ng survey na isinagawa ng Balitang A2Z.",False
161,HINDI TOTOO: Nakuha ni Marcos Sr. ang pinakamataas na marka sa kasaysayan ng bar exam sa Pilipinas,Nakakuha ng pinakamataas na marka sa kasaysayan ng bar exam sa Pilipinas si dating pangulo at diktador na si Ferdinand Marcos. ,False
162,How to report dubious claims to #FactsFirstPH,BKD Network,False
163,HINDI TOTOO: Katumbas ng bachelor’s degree ang special diploma na nakuha ni Marcos Jr. sa University of Oxford,"Noong panahon na nag-aaral si Ferdinand “Bongbong” Marcos Jr. sa Unibersidad ng Oxford, katumbas ng bachelor’s degree ng nakapagtapos ng kurso ang special diploma na natanggap niya noong 1978. ",False
164,HINDI TOTOO: Bidyo ng pagsuporta ng mga aktor at mamamahayag kay Leni Robredo,Nagpahayag ng suporta ang mga artista at mamamahayag kay Bise Presidente Leni Robredo sa isang political endorsement video.  ,False
165,HINDI TOTOO: Si Ferdinand Marcos ang pinakamayamang tao sa mundo,Si Ferdinand Marcos Sr. ang pinakamayamang tao sa mundo. ,False
166,"FALSE: Video of 50,000 supporters at Marcos-Duterte proclamation rally","50,000 supporters attended the proclamation rally of presidential candidate Ferdinand “Bongbong” Marcos Jr. and vice presidential candidate Sara Duterte at the Philippine Arena in Bocaue, Bulacan.",False
167,HINDI TOTOO: Sinabi ni Escudero na ang bumoto sa kanya noong 2016 ay boboto kay Robredo sa 2022,Sinabi ng gobernador ng Sorsogon na si Francis “Chiz” Escudero ang sumusunod tungkol sa kandidatura sa pagkapangulo ni Vice President Leni Robredo: “Ang limang milyon na bumoto sa akin last 2016 sa pagka-vice president ay alam kong iboboto si VP Leni ngayon. Inaasahan ko na ang lahat ng sumuporta sa akin ay susuportahan si VP Leni at Kiko. Siya ang ating susunod na pangulo! Ang bayan ng Sorsogon ay para kay Leni!”,False
168,HINDI TOTOO: Marcos-Duterte proclamation sa Mandaluyong at Tuguegarao hindi ibinalita ng midya,Hindi ibinalita ng midya ang proclamation rallies ng magkatambal na kandidato para sa pagkapangulo at pagkapangalawang-pangulo na sina Ferdinand “Bongbong” Marcos Jr. at Sara Duterte sa Mandaluyong noong Pebrero 13 at sa Tuguegarao noong Pebrero 14. ,False
169,KULANG SA KONTEKSTO: Sequestered assets ng mga Marcos hindi pruweba ng pagnanakaw,Hindi pruweba ng pagnanakaw ng pamilya Marcos ang assets na sinamsam ng Presidential Commission on Good Government (PCGG) dahil ang pag-sequester ay hindi katumbas ng pagbawi.  ,False
170,HINDI TOTOO: Bidyo ng pahayag ni Vice Ganda tungkol sa pag-host ni Toni Gonzaga sa Marcos rally,Ipinakita sa isang bidyo ang umano’y reaksiyon ni Vice Ganda tungkol sa pag-host ni Toni Gonzaga sa proclamation rally ng kandidato sa pagkapangulong si Ferdinand “Bongbong” Marcos Jr. at ang kanyang running mate na si Sara Duterte na naganap noong Pebrero 8. ,False
171,"HINDI TOTOO: Sinabi ng Associated Press na 300,000 ang dumalo sa Robredo proclamation rally","Ayon umano sa Associated Press, ang tinatayang dumalo sa proclamation rally ni Bise Presidente at kandidato para sa pagkapangulong si Leni Robredo noong Pebrero 8 ay mula sa 300,000 hanggang 600,000. ",False
172,HINDI TOTOO: Bidyo ng pagsigaw ng ‘Marcos pa rin’ sa Robredo proclamation rally,Maririnig umano sa isang video na sumigaw ng “Marcos pa rin” ang audience sa Robredo proclamation rally.,False
173,HINDI TOTOO: Sinabi ni Robredo na ibabalik niya ang Aquino government,"Sinabi umano ni Bise Presidente Leni Robredo sa Twitter na kung mananalo siya bilang pangulo, “Ibabalik ko po ang Aquino government. Kung ano ang ginawa ni PNoy noong 2010-2016 sa Pilipinas ay gagawin ko rin sa 2022-2028.” ",False
174,FALSE: Purtier and Purtier 6th edition food supplements repair cells,The Purtier and Purtier 6th edition food supplements repair cells and reverse the aging process.,False
175,HINDI TOTOO: Si Tiburcio Marcos ay kandidato sa pagkapangulo,"Si Tiburcio Marcos, isa sa mga naghain noon ng certificate of candidacy (COC) para sa pagkapangulo, ay kandidato pa rin ngayong 2022.",False
176,HINDI TOTOO: Tinipid sa materyales ang programang pabahay ni Robredo,Tinipid sa materyales ang mga bahay na ginawa sa Angat Buhay Village ni Bise Presidente Leni Robredo.,False
177,FALSE: Coca-Cola partners with WHO for investment program,Coca-Cola partners with the World Health Organization (WHO) in an investment program for people affected by COVID-19,False
178,HINDI TOTOO: Ibinasura na ng Comelec ang disqualification case laban kay Marcos Jr.,Ibinasura na ng Commission on Elections (Comelec) ang disqualification case laban kay Marcos Jr.,False
179,SATIRE: Sandro Marcos says all family members will win in 2022 without campaigning,"Sandro Marcos, son of presidential aspirant Ferdinand “Bongbong” Marcos Jr., says all the Marcoses who are running in the 2022 elections will win without campaigning.",False
180,HINDI TOTOO: Nagpahayag ng suporta si Jacinda Ardern kay Marcos Jr.,Nagpahayag ng suporta si New Zealand Prime Minister Jacinda Ardern kay Ferdinand “Bongbong” Marcos Jr.,False
181,MISSING CONTEXT: Non-tax revenue constitutes 6% of the PH’s total income,Non-tax revenue constitutes 6% of the country’s total income.,False
182,HINDI TOTOO: Walang nabawi ang Pilipinas mula sa nakaw na yaman ng mga Marcos,Walang nabawi ang Pilipinas mula sa ill-gotten wealth ng mga Marcos,False
183,FALSE: Marcos Jr. submitted correct receipt for tax deficiencies payment,Ferdinand “Bongbong” Marcos Jr. submitted the correct receipt for the payment of his tax deficiencies.,False
184,FALSE: Isko Moreno is the first to declare excess campaign funds,Manila Mayor and presidential aspirant Isko Moreno says he may be the first candidate to declare excess campaign funds.,False
185,FALSE: Comelec releases voter preference results all favoring Marcos Jr.,"Ferdinand “Bongbong” Marcos Jr. is sure to have a landslide victory in the country’s 20 most vote-rich provinces in the upcoming 2022 elections, based on information from the Commission on Elections (Comelec).",False
186,FALSE: Kabataan Partylist nominee behind assassination threat vs Marcos Jr.,Kabataan Partylist’s third nominee Jandeil Roperos is the person behind the account that threatened to assassinate presidential aspirant Ferdinand “Bongbong” Marcos Jr. in a comment on a TikTok video.,False
187,HINDI TOTOO: Dinumog ng tagasuporta ni Marcos Jr. ang GMA station matapos ang Soho interviews,Dinumog ng mga tagasuporta ni Ferdinand “Bongbong” Marcos Jr. ang GMA station pagkatapos ng The Jessica Soho Presidential Interviews na tinanggihan ng kandidato. ,False
188,"FALSE: Foot pads can detoxify the body, reduce risk of cancer and stroke",Footpads can detoxify the body and reduce the risk of cancer and stroke.,False
189,HINDI TOTOO: Phillip Salvador nagpasalamat sa tulong ni Marcos Jr. kay Kris Aquino,Nagpasalamat ang artistang si Phillip Salvador kay Ferdinand “Bongbong” Marcos Jr. para sa tulong nito sa dating kasintahan ni Salvador na si Kris Aquino.,False
190,HINDI TOTOO: Nabakunahan laban sa COVID-19 hindi puwedeng mag-donate ng dugo,Ang mga nabakunahan laban sa COVID-19 ay hindi puwedeng magbigay ng dugo. ,False
191,HINDI TOTOO: Ang ibig sabihin ng salitang ‘maharlika’ ay kapayapaan,Ang ibig sabihin ng salitang “maharlika” ay kapayapaan.,False
192,HINDI TOTOO: Tanggal na bilang Comelec Commissioner si Rowena Guanzon,Tanggal na bilang Commission on Elections (Comelec) Commissioner si Rowena Guanzon dahil gusto nitong i-disqualify si Ferdinand “Bongbong” Marcos Jr. sa presidential election.,False
193,FALSE: Government officials collect vaccination cards to erase records,The government is collecting vaccination cards so they can erase any vaccination records and protect vaccinators from legal liabilities.,False
194,HINDI TOTOO: Magkasalungat na idea sa quote ni Robredo tungkol sa drug war,"Sinabi ni Vice President Leni Robredo na, “Wala akong sinabi na ihinto ang drug war kundi ‘not to continue.’” ",False
195,MISSING CONTEXT: Video of DOH warning against COVID-19 booster shots,The Department of Health (DOH) warns the public against the use of COVID-19 booster shots.,False
196,MISSING CONTEXT: Robredo says she was already helping in Marawi in 2016,"Vice President Leni Robredo says she had been assisting in Marawi since 2016, while the Marawi Siege began on May 23, 2017.",False
197,FALSE: Makabayan lawmakers are communist guerillas’ urban operatives,"The members of Makabayan, a bloc of progressive party-list representatives, are urban operatives of the Communist Party of the Philippines-New People’s Army-National Democratic Front of the Philippines (CPP-NPA-NDFP).",False
198,FALSE: COVID-19 vaccines contain parasitic eggs,COVID-19 vaccine contains parasitic material.,False
199,HINDI TOTOO: Gumamit ng military chopper si Robredo sa relief operation,Nakisakay si Robredo sa isang military chopper para sa isang relief operation sa kasagsagan ng Typhoon Rolly noong 2020.,False
200,HINDI TOTOO: Magandang epekto sa kalusugan ng bawang sa ilalim ng unan,"May ilang benepisyong pangkalusugan daw ang paglalagay ng bawang sa ilalim ng unan, kagaya ng paglakas ng resistensiya, gamot sa baradong ilong, at tulong magkaroon ng maginhawang pagtulog.",False
201,HINDI TOTOO: Nangungunang rice granary ang Filipinas noong panahon ni Marcos,Ang Filipinas ang nangungunang rice granary noong panahon ni dating pangulong Ferdinand Marcos.,False
202,FALSE: ‘Blot Echo Wind Map’ predicts earthquakes,The “Blot Echo Wind Map” predicts earthquakes.,False
203,HINDI TOTOO: Nahalal na bise presidente si Marcos Jr.,Nahalal na bise presidente ang dating senador at ngayon ay tumatakbo sa pagkapangulo na si Ferdinand “Bongbong” Marcos Jr.,False
204,HINDI TOTOO: Kita sa video na sinusuportahan ni Venus Raj si Marcos Jr. sa 2022,Pinapakita ng isang video na sinusuportahan ni Venus Raj si Ferdinand “Bongbong” Marcos Jr. para sa 2022 halalan.,False
205,HINDI TOTOO: Tumanggi sa interview si VP Leni dahil ‘live’ ito,"Tumanggi si Bise Presidente Leni Robredo sa interview ng DZRH at Manila Times dahil “live” ang panayam, at mas pinapaboran daw niya ang “pre-recorded” na madaling iedit bago umere.",False
206,FALSE: Senator Cynthia Villar quote on buying ABS-CBN,Senator Cynthia Villar says: “So what if we buy ABS-CBN?” ,False
207,HINDI TOTOO: GMA nawalan ng P28M nang tumanggi si Marcos Jr. sa Soho interview,"Ayon sa isang kumakalat na bidyo gawa ng “Showbiz Fanaticz” YouTube channel, na dating nang na-fact-check ng Rappler, mahigit sa 10 kliyente ang nag-atras ng advertisement na katumbas ng P28.7 milyon sa GMA Network dahil hindi dumalo si Ferdinand “Bongbong” Marcos Jr.  sa The Jessica Soho Presidential Interviews. ",False
208,FALSE: Singapore refuses to pay loans from PH during Marcos regime,Singapore refuses to pay loans taken from the Philippines during the regime of Ferdinand Marcos.,False
209,HINDI TOTOO: Substitute bill ni Marcos Jr. naging Bangsamoro Organic Law,Ang kapalit na bersiyon o “substitute measure” ng Bangsamoro Basic Law na inisponsor ni dating senador Ferdinand “Bongbong” Marcos Jr. ay ipinasa bilang Bangsamoro Organic Law noong 2018. ,False
210,FALSE: Kris Aquino dies in America on January 23,"Kris Aquino died in America on Sunday, January 23.",False
211,"KULANG SA KONTEKSTO: Sinabi ni Robredo, ‘’Pag naging pangulo ako walang magbabago’","Sinabi ni Bise Presidente Leni Robredo na “’Pag naging pangulo ako, walang magbabago.” ",False
212,FALSE: Ferdinand Marcos wrote the 1973 Constitution,Former president Ferdinand Marcos wrote the 1973 Constitution.,False
213,KULANG SA KONTEKSTO: May nakasampang kaso laban kay Robredo,Mayroong nakasampang kaso laban kay Bise Presidente Leni Robredo.,False
214,MISSING CONTEXT: Duterte says COVID-19 booster shots not needed,A video circulating on social media shows President Rodrigo Duterte saying that COVID-19 booster shots are not needed and that two vaccine doses are enough.,False
215,FALSE: Robredo says Duterte will declare martial law or ‘total lockdown’,Vice President Leni Robredo says President Rodrigo Duterte will declare martial law or a “total lockdown.”,False
216,FALSE: Filipinos can register for COVID-19 vaccination exemption cards,Filipinos can register for COVID-19 vaccination exemption cards.,False
217,HINDI TOTOO: Hindi tumanggap si Ferdinand Marcos ng suweldo bilang pangulo,Hindi tumanggap si Ferdinand Marcos ng suweldo bilang pangulo.,False
218,FALSE: COVID-19 vaccines eliminate ‘God Particle’ in the body,COVID-19 vaccines eliminate the “God Particle” in the body.,False
219,HINDI TOTOO: Si Marcos Jr. ang may-akda ng Philippine Baselines Law,Si Ferdinand “Bongbong” Marcos Jr. ang may-akda ng Republic Act No. 9522 o ang Philippine Baselines Law.,False
